"","institution","city","state","yearly","tuition_in","tuition_out","region"
"1","University of Alaska Anchorage","Anchorage","AK",13180,5147,15206,"NA"
"2","University of Alaska Fairbanks","Fairbanks","AK",15035,4984,15560,"NA"
"3","University of Alaska Southeast","Juneau","AK",16409,5693,16269,"NA"
"4","Alabama A & M University","Normal","AL",18888,7182,12774,"NA"
"5","University of Alabama at Birmingham","Birmingham","AL",19990,7206,16398,"NA"
"6","University of Alabama in Huntsville","Huntsville","AL",20306,9192,21506,"NA"
"7","Alabama State University","Montgomery","AL",17400,8720,15656,"NA"
"8","The University of Alabama","Tuscaloosa","AL",26717,9450,23950,"NA"
"9","Auburn University at Montgomery","Montgomery","AL",16556,8750,24950,"NA"
"10","Auburn University","Auburn University","AL",23788,9852,26364,"NA"
"11","Jacksonville State University","Jacksonville","AL",19202,7092,13884,"NA"
"12","University of West Alabama","Livingston","AL",17959,7660,14170,"NA"
"13","University of Montevallo","Montevallo","AL",20209,10000,19690,"NA"
"14","University of North Alabama","Florence","AL",15058,7078,12670,"NA"
"15","University of South Alabama","Mobile","AL",17125,6948,13596,"NA"
"16","Troy University","Troy","AL",16877,7276,13612,"NA"
"17","University of Arkansas at Little Rock","Little Rock","AR",19894,7094,16871,"NA"
"18","University of Arkansas","Fayetteville","AR",19917,7818,19074,"NA"
"19","University of Arkansas at Pine Bluff","Pine Bluff","AR",15414,5938,11638,"NA"
"20","Arkansas State University-Main Campus","Jonesboro","AR",18809,7510,13120,"NA"
"21","Arkansas Tech University","Russellville","AR",16126,5598,10374,"NA"
"22","University of Central Arkansas","Conway","AR",17899,7595,13340,"NA"
"23","Henderson State University","Arkadelphia","AR",18033,7580,13700,"NA"
"24","Southern Arkansas University Main Campus","Magnolia","AR",17738,7466,10616,"NA"
"25","Arizona State University-Tempe","Tempe","AZ",21960,9861,23654,"NA"
"26","University of Arizona","Tucson","AZ",23905,10391,27383,"NA"
"27","Northern Arizona University","Flagstaff","AZ",22771,9738,22093,"NA"
"28","Arizona State University-West","Glendale","AZ",20269,9545,22497,"NA"
"29","Arizona State University-Polytechnic","Mesa","AZ",21256,9545,22497,"NA"
"30","Arizona State University-Downtown Phoenix","Phoenix","AZ",22909,9861,23654,"NA"
"31","Arizona State University-Skysong","Scottsdale","AZ",19666,7866,11209,"NA"
"32","California Polytechnic State University-San Luis Obispo","San Luis Obispo","CA",23867,8724,19884,"NA"
"33","California State University-Bakersfield","Bakersfield","CA",18061,6775,17935,"NA"
"34","California State University-Stanislaus","Turlock","CA",17161,6491,17651,"NA"
"35","California State University-San Bernardino","San Bernardino","CA",17030,6550,17710,"NA"
"36","California State Polytechnic University-Pomona","Pomona","CA",19402,6350,17510,"NA"
"37","California State University-Chico","Chico","CA",22926,6972,18132,"NA"
"38","California State University-Dominguez Hills","Carson","CA",12957,6100,17260,"NA"
"39","California State University-Fresno","Fresno","CA",16377,6287,17447,"NA"
"40","California State University-Fullerton","Fullerton","CA",16663,6186,17346,"NA"
"41","California State University-East Bay","Hayward","CA",20676,6550,17710,"NA"
"42","California State University-Long Beach","Long Beach","CA",18085,6240,17400,"NA"
"43","California State University-Los Angeles","Los Angeles","CA",14747,6344,17504,"NA"
"44","California State University-Northridge","Northridge","CA",20899,6525,17685,"NA"
"45","California State University-Sacramento","Sacramento","CA",19380,6628,17788,"NA"
"46","University of California-Berkeley","Berkeley","CA",32715,12864,35742,"NA"
"47","University of California-Davis","Davis","CA",31803,13895,36773,"NA"
"48","University of California-Irvine","Irvine","CA",28980,13149,36027,"NA"
"49","University of California-Los Angeles","Los Angeles","CA",31474,12697,35575,"NA"
"50","University of California-Riverside","Riverside","CA",29787,12960,35838,"NA"
"51","University of California-San Diego","La Jolla","CA",29751,13271,36149,"NA"
"52","University of California-Santa Barbara","Santa Barbara","CA",31913,13746,36624,"NA"
"53","University of California-Santa Cruz","Santa Cruz","CA",33208,13397,36275,"NA"
"54","California Maritime Academy","Vallejo","CA",22223,6536,17696,"NA"
"55","Humboldt State University","Arcata","CA",23113,7144,18304,"NA"
"56","San Diego State University","San Diego","CA",20252,6766,17926,"NA"
"57","San Francisco State University","San Francisco","CA",22267,6450,17610,"NA"
"58","San Jose State University","San Jose","CA",21160,7343,18503,"NA"
"59","Sonoma State University","Rohnert Park","CA",23675,7234,18394,"NA"
"60","California State University-San Marcos","San Marcos","CA",20386,6649,17809,"NA"
"61","California State University-Monterey Bay","Seaside","CA",18479,5963,17123,"NA"
"62","California State University-Channel Islands","Camarillo","CA",22570,6471,17631,"NA"
"63","University of California-Merced","Merced","CA",30637,13160,36038,"NA"
"64","Adams State University","Alamosa","CO",17759,7449,18081,"NA"
"65","University of Colorado Denver","Denver","CO",18822,7933,22057,"NA"
"66","University of Colorado Colorado Springs","Colorado Springs","CO",16707,7024,18437,"NA"
"67","University of Colorado Boulder","Boulder","CO",27854,10347,32115,"NA"
"68","Colorado School of Mines","Golden","CO",29091,16485,32415,"NA"
"69","Colorado State University-Fort Collins","Fort Collins","CO",21823,9313,25166,"NA"
"70","Colorado Mesa University","Grand Junction","CO",18077,6725,16748,"NA"
"71","Metropolitan State University of Denver","Denver","CO",14034,5744,17837,"NA"
"72","University of Northern Colorado","Greeley","CO",19105,6968,18507,"NA"
"73","Colorado State University-Pueblo","Pueblo","CO",18007,7327,17649,"NA"
"74","Western State Colorado University","Gunnison","CO",18875,7343,17284,"NA"
"75","Central Connecticut State University","New Britain","CT",20372,8706,20211,"NA"
"76","University of Connecticut","Storrs","CT",25786,12022,30970,"NA"
"77","Eastern Connecticut State University","Willimantic","CT",22633,9376,20881,"NA"
"78","Southern Connecticut State University","New Haven","CT",18628,9020,20486,"NA"
"79","Western Connecticut State University","Danbury","CT",19446,8893,20398,"NA"
"80","University of Connecticut-Tri-Campus","Waterbury","CT",13099,10056,29004,"NA"
"81","University of Connecticut-Avery Point","Groton","CT",12946,10056,29004,"NA"
"82","University of Connecticut-Stamford","Stamford","CT",13028,10066,29014,"NA"
"83","University of the District of Columbia","Washington","DC",19873,5138,8778,"NA"
"84","Delaware State University","Dover","DE",20506,7336,15692,"NA"
"85","University of Delaware","Newark","DE",21748,12112,29932,"NA"
"86","University of Central Florida","Orlando","FL",19815,6317,22416,"NA"
"87","Florida Agricultural and Mechanical University","Tallahassee","FL",19191,5785,17725,"NA"
"88","Florida Atlantic University","Boca Raton","FL",19131,4790,17234,"NA"
"89","Florida International University","Miami","FL",18426,6496,18895,"NA"
"90","Florida State University","Tallahassee","FL",20774,6507,21673,"NA"
"91","University of Florida","Gainesville","FL",20456,6263,28541,"NA"
"92","University of North Florida","Jacksonville","FL",19415,6353,20756,"NA"
"93","University of South Florida-Main Campus","Tampa","FL",19299,6410,17324,"NA"
"94","The University of West Florida","Pensacola","FL",18158,6357,19238,"NA"
"95","Florida Gulf Coast University","Fort Myers","FL",18097,6118,25440,"NA"
"96","University of South Florida-St Petersburg","St. Petersburg","FL",18821,5820,16736,"NA"
"97","Albany State University","Albany","GA",19025,6024,18226,"NA"
"98","Armstrong Atlantic State University","Savannah","GA",19802,5085,14847,"NA"
"99","Clayton State University","Morrow","GA",17487,5153,14915,"NA"
"100","Columbus State University","Columbus","GA",17029,5514,15556,"NA"
"101","Fort Valley State University","Fort Valley","GA",19801,6438,18640,"NA"
"102","Georgia Institute of Technology-Main Campus","Atlanta","GA",21980,10650,29954,"NA"
"103","Georgia Southwestern State University","Americus","GA",17839,5035,14797,"NA"
"104","Georgia College and State University","Milledgeville","GA",23052,8790,26690,"NA"
"105","Georgia Southern University","Statesboro","GA",21513,6071,16137,"NA"
"106","Georgia State University","Atlanta","GA",23124,8368,22936,"NA"
"107","University of Georgia","Athens","GA",21162,10262,28472,"NA"
"108","Kennesaw State University","Kennesaw","GA",20630,5818,15898,"NA"
"109","Savannah State University","Savannah","GA",15531,5415,15176,"NA"
"110","Southern Polytechnic State University","Marietta","GA",16546,5732,16760,"NA"
"111","Valdosta State University","Valdosta","GA",20958,5889,16814,"NA"
"112","University of West Georgia","Carrollton","GA",18879,5837,15903,"NA"
"113","Georgia Regents University","Augusta","GA",7715,3276,9723,"NA"
"114","University of North Georgia","Dahlonega","GA",16525,4219,12133,"NA"
"115","University of Guam","Mangilao","GU",13026,5098,14098,"NA"
"116","University of Hawaii at Hilo","Hilo","HI",15284,6536,18296,"NA"
"117","University of Hawaii at Manoa","Honolulu","HI",18491,9904,27472,"NA"
"118","Iowa State University","Ames","IA",18820,7726,20278,"NA"
"119","University of Iowa","Iowa City","IA",21832,8061,26931,"NA"
"120","University of Northern Iowa","Cedar Falls","IA",19233,7685,17181,"NA"
"121","Boise State University","Boise","ID",18227,6292,18892,"NA"
"122","Idaho State University","Pocatello","ID",18077,6344,18676,"NA"
"123","University of Idaho","Moscow","ID",19700,6524,19600,"NA"
"124","Chicago State University","Chicago","IL",18472,9032,15424,"NA"
"125","Eastern Illinois University","Charleston","IL",23346,11144,28124,"NA"
"126","University of Illinois at Chicago","Chicago","IL",25248,13410,25800,"NA"
"127","University of Illinois at Urbana-Champaign","Champaign","IL",28564,14750,29132,"NA"
"128","Illinois State University","Normal","IL",25416,13010,20450,"NA"
"129","Northern Illinois University","Dekalb","IL",27621,12976,22072,"NA"
"130","Northeastern Illinois University","Chicago","IL",22273,8460,15348,"NA"
"131","University of Illinois at Springfield","Springfield","IL",21385,9178,16498,"NA"
"132","Southern Illinois University-Carbondale","Carbondale","IL",24234,12093,24716,"NA"
"133","Southern Illinois University-Edwardsville","Edwardsville","IL",21137,9666,20610,"NA"
"134","Western Illinois University","Macomb","IL",24375,11767,15969,"NA"
"135","Ball State University","Muncie","IN",21101,9160,24124,"NA"
"136","Indiana University-Purdue University-Fort Wayne","Fort Wayne","IN",18837,7013,16845,"NA"
"137","Indiana University-Purdue University-Indianapolis","Indianapolis","IN",20846,8756,29571,"NA"
"138","University of Southern Indiana","Evansville","IN",17996,6698,15553,"NA"
"139","Indiana State University","Terre Haute","IN",19549,8256,17992,"NA"
"140","Indiana University-Kokomo","Kokomo","IN",15874,6675,17778,"NA"
"141","Indiana University-South Bend","South Bend","IN",17377,6816,17778,"NA"
"142","Indiana University-Bloomington","Bloomington","IN",23043,10209,32350,"NA"
"143","Indiana University-Northwest","Gary","IN",18092,6739,17778,"NA"
"144","Indiana University-Southeast","New Albany","IN",16753,6700,17778,"NA"
"145","Indiana University-East","Richmond","IN",15334,6639,17778,"NA"
"146","Purdue University-Calumet Campus","Hammond","IN",16727,6624,14966,"NA"
"147","Purdue University-North Central Campus","Westville","IN",13713,7186,17105,"NA"
"148","Purdue University-Main Campus","West Lafayette","IN",23109,9992,28794,"NA"
"149","Emporia State University","Emporia","KS",15612,5614,17388,"NA"
"150","Fort Hays State University","Hays","KS",15395,4358,12821,"NA"
"151","University of Kansas","Lawrence","KS",21971,10107,24873,"NA"
"152","Kansas State University","Manhattan","KS",20140,8585,21530,"NA"
"153","Pittsburg State University","Pittsburg","KS",15211,5906,15786,"NA"
"154","Washburn University","Topeka","KS",16176,5774,12926,"NA"
"155","Wichita State University","Wichita","KS",14764,6926,14960,"NA"
"156","Eastern Kentucky University","Richmond","KY",17801,7536,16608,"NA"
"157","Kentucky State University","Frankfort","KY",18387,6276,15072,"NA"
"158","University of Kentucky","Lexington","KY",22420,10110,21192,"NA"
"159","University of Louisville","Louisville","KY",21922,9946,23834,"NA"
"160","Morehead State University","Morehead","KY",17805,7498,18746,"NA"
"161","Murray State University","Murray","KY",16397,7044,19164,"NA"
"162","Northern Kentucky University","Highland Heights","KY",14603,8376,16464,"NA"
"163","Western Kentucky University","Bowling Green","KY",16538,8722,22248,"NA"
"164","Grambling State University","Grambling","LA",20881,5950,15118,"NA"
"165","Louisiana State University and Agricultural & Mechanical College","Baton Rouge","LA",20422,7873,25790,"NA"
"166","Louisiana State University-Shreveport","Shreveport","LA",15066,5606,5606,"NA"
"167","Louisiana Tech University","Ruston","LA",16983,7302,18441,"NA"
"168","McNeese State University","Lake Charles","LA",14823,5701,16603,"NA"
"169","University of New Orleans","New Orleans","LA",16212,6578,19068,"NA"
"170","Nicholls State University","Thibodaux","LA",16071,6468,15959,"NA"
"171","University of Louisiana at Monroe","Monroe","LA",14925,6318,16890,"NA"
"172","Northwestern State University of Louisiana","Natchitoches","LA",16605,6207,16327,"NA"
"173","Southeastern Louisiana University","Hammond","LA",15729,5715,17734,"NA"
"174","Southern University and A & M College","Baton Rouge","LA",17928,6630,8274,"NA"
"175","Southern University at New Orleans","New Orleans","LA",10889,4911,4911,"NA"
"176","University of Louisiana at Lafayette","Lafayette","LA",15342,6192,15742,"NA"
"177","Bridgewater State University","Bridgewater","MA",19303,8053,14193,"NA"
"178","Fitchburg State University","Fitchburg","MA",17686,8985,15065,"NA"
"179","Framingham State University","Framingham","MA",21402,8080,14160,"NA"
"180","University of Massachusetts-Lowell","Lowell","MA",22861,12097,26146,"NA"
"181","University of Massachusetts-Amherst","Amherst","MA",25665,13443,28159,"NA"
"182","University of Massachusetts-Boston","Boston","MA",19763,11966,27430,"NA"
"183","Massachusetts College of Art and Design","Boston","MA",25384,10400,28600,"NA"
"184","Massachusetts Maritime Academy","Buzzards Bay","MA",22420,7127,22033,"NA"
"185","Massachusetts College of Liberal Arts","North Adams","MA",20025,8525,17470,"NA"
"186","Salem State University","Salem","MA",20601,8130,14270,"NA"
"187","University of Massachusetts-Dartmouth","North Dartmouth","MA",23763,11681,24156,"NA"
"188","Westfield State University","Westfield","MA",19468,8694,14774,"NA"
"189","Worcester State University","Worcester","MA",18494,8157,14237,"NA"
"190","University of Baltimore","Baltimore","MD",24835,7838,16288,"NA"
"191","Bowie State University","Bowie","MD",18581,6971,17538,"NA"
"192","Coppin State University","Baltimore","MD",16147,6252,11186,"NA"
"193","Frostburg State University","Frostburg","MD",19454,7728,18376,"NA"
"194","University of Maryland-University College","Adelphi","MD",13222,6552,12336,"NA"
"195","University of Maryland-Baltimore County","Baltimore","MD",22024,10068,21642,"NA"
"196","University of Maryland-College Park","College Park","MD",22933,9162,28348,"NA"
"197","University of Maryland Eastern Shore","Princess Anne","MD",20587,6998,15504,"NA"
"198","Morgan State University","Baltimore","MD",20108,7218,16632,"NA"
"199","Salisbury University","Salisbury","MD",20916,8128,16474,"NA"
"200","St Mary's College of Maryland","St. Mary's City","MD",29174,14864,28664,"NA"
"201","Towson University","Towson","MD",21596,8342,20020,"NA"
"202","University of Maine at Farmington","Farmington","ME",20415,9167,18255,"NA"
"203","University of Maine","Orono","ME",22461,10600,27970,"NA"
"204","Maine Maritime Academy","Castine","ME",23673,11950,22770,"NA"
"205","University of Southern Maine","Portland","ME",22290,8920,21280,"NA"
"206","Central Michigan University","Mount Pleasant","MI",21523,11220,23670,"NA"
"207","Eastern Michigan University","Ypsilanti","MI",18905,9364,24909,"NA"
"208","Ferris State University","Big Rapids","MI",21498,10466,16722,"NA"
"209","Grand Valley State University","Allendale","MI",21512,10716,15388,"NA"
"210","Lake Superior State University","Sault Ste Marie","MI",19571,9960,14880,"NA"
"211","University of Michigan-Ann Arbor","Ann Arbor","MI",25760,13142,40392,"NA"
"212","Michigan State University","East Lansing","MI",23740,12862,33750,"NA"
"213","Michigan Technological University","Houghton","MI",24724,13728,28608,"NA"
"214","University of Michigan-Dearborn","Dearborn","MI",15831,10614,23124,"NA"
"215","University of Michigan-Flint","Flint","MI",16731,9356,18238,"NA"
"216","Northern Michigan University","Marquette","MI",18466,9037,14113,"NA"
"217","Oakland University","Rochester Hills","MI",19198,10613,23873,"NA"
"218","Saginaw Valley State University","University Center","MI",17876,8423,19776,"NA"
"219","Wayne State University","Detroit","MI",20199,11094,23714,"NA"
"220","Western Michigan University","Kalamazoo","MI",22483,10355,24109,"NA"
"221","Bemidji State University","Bemidji","MN",18166,8124,8124,"NA"
"222","Minnesota State University-Mankato","Mankato","MN",17578,7557,15036,"NA"
"223","Metropolitan State University","Saint Paul","MN",18170,6642,13227,"NA"
"224","University of Minnesota-Twin Cities","Minneapolis","MN",24278,13555,19805,"NA"
"225","University of Minnesota-Duluth","Duluth","MN",22796,12815,16480,"NA"
"226","Minnesota State University-Moorhead","Moorhead","MN",18028,7816,14714,"NA"
"227","Saint Cloud State University","Saint Cloud","MN",17892,7514,15156,"NA"
"228","Southwest Minnesota State University","Marshall","MN",19109,8074,8074,"NA"
"229","Winona State University","Winona","MN",20449,8730,14230,"NA"
"230","University of Central Missouri","Warrensburg","MO",18355,7265,13659,"NA"
"231","Lincoln University","Jefferson City","MO",14906,6838,13228,"NA"
"232","Missouri Southern State University","Joplin","MO",14143,5376,10225,"NA"
"233","Missouri Western State University","Saint Joseph","MO",15242,6400,12006,"NA"
"234","University of Missouri-Columbia","Columbia","MO",22387,9415,23764,"NA"
"235","University of Missouri-Kansas City","Kansas City","MO",23437,9456,22203,"NA"
"236","Missouri University of Science and Technology","Rolla","MO",22102,9510,24675,"NA"
"237","University of Missouri-St Louis","Saint Louis","MO",22474,9474,24429,"NA"
"238","Truman State University","Kirksville","MO",19689,7368,13240,"NA"
"239","Northwest Missouri State University","Maryville","MO",17005,6390,11391,"NA"
"240","Southeast Missouri State University","Cape Girardeau","MO",17093,6863,12195,"NA"
"241","Missouri State University-Springfield","Springfield","MO",19117,6908,13388,"NA"
"242","Alcorn State University","Alcorn State","MS",20330,6108,6108,"NA"
"243","Delta State University","Cleveland","MS",17749,6562,6562,"NA"
"244","Jackson State University","Jackson","MS",18724,6348,15552,"NA"
"245","University of Mississippi","University","MS",21526,6760,17728,"NA"
"246","Mississippi University for Women","Columbus","MS",15935,5640,15360,"NA"
"247","Mississippi Valley State University","Itta Bena","MS",17758,5916,5916,"NA"
"248","Mississippi State University","Mississippi State","MS",20796,6772,16960,"NA"
"249","University of Southern Mississippi","Hattiesburg","MS",18781,6744,15024,"NA"
"250","Montana State University-Billings","Billings","MT",15753,5745,17088,"NA"
"251","Montana Tech of the University of Montana","Butte","MT",16434,6464,18606,"NA"
"252","Montana State University","Bozeman","MT",18486,6752,20717,"NA"
"253","The University of Montana","Missoula","MT",17440,6045,21719,"NA"
"254","Montana State University-Northern","Havre","MT",17290,5480,17312,"NA"
"255","Appalachian State University","Boone","NC",17780,6462,18670,"NA"
"256","East Carolina University","Greenville","NC",19851,6143,20256,"NA"
"257","Elizabeth City State University","Elizabeth City","NC",10620,4429,15286,"NA"
"258","Fayetteville State University","Fayetteville","NC",13188,4605,15401,"NA"
"259","North Carolina A & T State University","Greensboro","NC",15313,5422,16503,"NA"
"260","University of North Carolina at Asheville","Asheville","NC",17468,6241,20063,"NA"
"261","University of North Carolina at Chapel Hill","Chapel Hill","NC",23069,8340,30122,"NA"
"262","University of North Carolina at Charlotte","Charlotte","NC",17767,6107,18636,"NA"
"263","University of North Carolina at Greensboro","Greensboro","NC",17362,6382,20180,"NA"
"264","North Carolina Central University","Durham","NC",17873,5526,16099,"NA"
"265","University of North Carolina School of the Arts","Winston-Salem","NC",19666,8271,21416,"NA"
"266","North Carolina State University at Raleigh","Raleigh","NC",20511,8206,21661,"NA"
"267","University of North Carolina Wilmington","Wilmington","NC",18165,6343,18480,"NA"
"268","University of North Carolina at Pembroke","Pembroke","NC",15784,5144,14351,"NA"
"269","Winston-Salem State University","Winston-Salem","NC",15990,5468,14281,"NA"
"270","Western Carolina University","Cullowhee","NC",17805,6265,15862,"NA"
"271","Minot State University","Minot","ND",14549,6086,6086,"NA"
"272","University of North Dakota","Grand Forks","ND",20538,7508,17794,"NA"
"273","North Dakota State University-Main Campus","Fargo","ND",18277,7660,18242,"NA"
"274","Valley City State University","Valley City","ND",16086,6516,14596,"NA"
"275","Chadron State College","Chadron","NE",15402,5600,5630,"NA"
"276","University of Nebraska at Kearney","Kearney","NE",19212,6542,12370,"NA"
"277","University of Nebraska at Omaha","Omaha","NE",16860,6550,16890,"NA"
"278","University of Nebraska-Lincoln","Lincoln","NE",21024,8060,21388,"NA"
"279","Peru State College","Peru","NE",15207,6188,6188,"NA"
"280","Wayne State College","Wayne","NE",15002,5574,9774,"NA"
"281","University of New Hampshire-Main Campus","Durham","NH",29520,16496,29216,"NA"
"282","Keene State College","Keene","NH",24614,12776,20161,"NA"
"283","Plymouth State University","Plymouth","NH",24828,12610,20030,"NA"
"284","Granite State College","Concord","NH",17576,7065,7545,"NA"
"285","Rowan University","Glassboro","NJ",26970,12380,20186,"NA"
"286","New Jersey City University","Jersey City","NJ",19058,10653,19065,"NA"
"287","Kean University","Union","NJ",19462,10918,17141,"NA"
"288","Montclair State University","Montclair","NJ",22773,11318,20196,"NA"
"289","New Jersey Institute of Technology","Newark","NJ",26700,15218,28274,"NA"
"290","Ramapo College of New Jersey","Mahwah","NJ",27781,13388,22038,"NA"
"291","Rutgers University-Camden","Camden","NJ",22048,13348,26908,"NA"
"292","Rutgers University-New Brunswick","New Brunswick","NJ",28011,13499,27523,"NA"
"293","Rutgers University-Newark","Newark","NJ",22046,12998,27022,"NA"
"294","The Richard Stockton College of New Jersey","Galloway","NJ",26086,12322,18715,"NA"
"295","The College of New Jersey","Ewing","NJ",28943,14730,25135,"NA"
"296","William Paterson University of New Jersey","Wayne","NJ",21990,11918,19458,"NA"
"297","Eastern New Mexico University-Main Campus","Portales","NM",15021,4558,10069,"NA"
"298","New Mexico Highlands University","Las Vegas","NM",15611,4000,6382,"NA"
"299","New Mexico Institute of Mining and Technology","Socorro","NM",17600,5714,17073,"NA"
"300","University of New Mexico-Main Campus","Albuquerque","NM",16822,6846,20688,"NA"
"301","New Mexico State University-Main Campus","Las Cruces","NM",17290,6220,19644,"NA"
"302","Western New Mexico University","Silver City","NM",15121,4723,12763,"NA"
"303","University of Nevada-Las Vegas","Las Vegas","NV",17478,6690,20600,"NA"
"304","University of Nevada-Reno","Reno","NV",21398,6610,20520,"NA"
"305","CUNY Bernard M Baruch College","New York","NY",15112,6210,12720,"NA"
"306","CUNY Brooklyn College","Brooklyn","NY",13903,6184,12694,"NA"
"307","College of Staten Island CUNY","Staten Island","NY",14298,6158,12668,"NA"
"308","CUNY City College","New York","NY",14041,6089,12599,"NA"
"309","CUNY Hunter College","New York","NY",14478,6129,12639,"NA"
"310","CUNY John Jay College of Criminal Justice","New York","NY",13308,6059,12569,"NA"
"311","CUNY Lehman College","Bronx","NY",12957,6108,12618,"NA"
"312","CUNY Queens College","Flushing","NY",13676,6207,12717,"NA"
"313","CUNY York College","Jamaica","NY",13967,6096,12606,"NA"
"314","SUNY at Albany","Albany","NY",21249,8040,18360,"NA"
"315","SUNY at Binghamton","Vestal","NY",21966,8144,18464,"NA"
"316","University at Buffalo","Buffalo","NY",20885,8211,20151,"NA"
"317","Stony Brook University","Stony Brook","NY",20611,7995,19935,"NA"
"318","SUNY College of Environmental Science and Forestry","Syracuse","NY",22550,7033,16483,"NA"
"319","SUNY Institute of Technology at Utica-Rome","Utica","NY",19843,7090,16540,"NA"
"320","SUNY College at Brockport","Brockport","NY",19511,7222,16672,"NA"
"321","Buffalo State SUNY","Buffalo","NY",18088,7022,16382,"NA"
"322","SUNY College at Cortland","Cortland","NY",21840,7327,16777,"NA"
"323","SUNY at Fredonia","Fredonia","NY",20802,7400,16850,"NA"
"324","SUNY College at Geneseo","Geneseo","NY",21004,7430,16880,"NA"
"325","State University of New York at New Paltz","New Paltz","NY",20428,7083,16533,"NA"
"326","SUNY Oneonta","Oneonta","NY",20762,7230,16680,"NA"
"327","SUNY College at Oswego","Oswego","NY",21222,7181,16631,"NA"
"328","SUNY College at Potsdam","Potsdam","NY",19829,7174,16624,"NA"
"329","SUNY at Purchase College","Purchase","NY",22381,7573,17023,"NA"
"330","SUNY College at Old Westbury","Old Westbury","NY",15888,6624,15874,"NA"
"331","SUNY College at Plattsburgh","Plattsburgh","NY",20371,7179,16629,"NA"
"332","SUNY Empire State College","Saratoga Springs","NY",19755,6265,15715,"NA"
"333","SUNY Maritime College","Throggs Neck","NY",21493,7109,16559,"NA"
"334","United States Merchant Marine Academy","Kings Point","NY",6603,1032,1032,"NA"
"335","University of Akron Main Campus","Akron","OH",21338,10054,18418,"NA"
"336","Bowling Green State University-Main Campus","Bowling Green","OH",22416,10726,18034,"NA"
"337","Central State University","Wilberforce","OH",17380,6058,13510,"NA"
"338","University of Cincinnati-Main Campus","Cincinnati","OH",25799,10784,25816,"NA"
"339","Cleveland State University","Cleveland","OH",22041,9499,12678,"NA"
"340","Kent State University at Kent","Kent","OH",23995,9816,17776,"NA"
"341","Miami University-Hamilton","Hamilton","OH",17107,5072,14165,"NA"
"342","Miami University-Middletown","Middletown","OH",18054,5072,14165,"NA"
"343","Miami University-Oxford","Oxford","OH",30858,13800,29590,"NA"
"344","Ohio State University-Main Campus","Columbus","OH",24524,10037,25757,"NA"
"345","Ohio University-Main Campus","Athens","OH",23605,10446,19410,"NA"
"346","Shawnee State University","Portsmouth","OH",17742,7177,12291,"NA"
"347","University of Toledo","Toledo","OH",21263,9275,18395,"NA"
"348","Wright State University-Main Campus","Dayton","OH",20762,8542,16546,"NA"
"349","Youngstown State University","Youngstown","OH",17350,8129,8358,"NA"
"350","Cameron University","Lawton","OK",14852,5055,12495,"NA"
"351","University of Central Oklahoma","Edmond","OK",16684,5437,13551,"NA"
"352","East Central University","Ada","OK",13735,5241,12643,"NA"
"353","Langston University","Langston","OK",13531,3815,9239,"NA"
"354","Northeastern State University","Tahlequah","OK",13296,4992,12012,"NA"
"355","Northwestern Oklahoma State University","Alva","OK",13065,5642,11764,"NA"
"356","Oklahoma State University-Main Campus","Stillwater","OK",21338,7442,20027,"NA"
"357","University of Oklahoma-Norman Campus","Norman","OK",23263,8916,21105,"NA"
"358","Southeastern Oklahoma State University","Durant","OK",14050,5315,13440,"NA"
"359","Southwestern Oklahoma State University","Weatherford","OK",16660,5460,11820,"NA"
"360","Eastern Oregon University","La Grande","OR",18959,7530,16755,"NA"
"361","Oregon Institute of Technology","Klamath Falls","OR",18801,8548,22188,"NA"
"362","Oregon State University","Corvallis","OR",22974,8322,23514,"NA"
"363","University of Oregon","Eugene","OR",22390,9763,29788,"NA"
"364","Portland State University","Portland","OR",19843,7878,23088,"NA"
"365","Southern Oregon University","Ashland","OR",18285,7438,19900,"NA"
"366","Western Oregon University","Monmouth","OR",21732,8634,21759,"NA"
"367","Bloomsburg University of Pennsylvania","Bloomsburg","PA",21732,8582,18706,"NA"
"368","California University of Pennsylvania","California","PA",23081,9239,13091,"NA"
"369","Cheyney University of Pennsylvania","Cheyney","PA",21605,8806,13302,"NA"
"370","Clarion University of Pennsylvania","Clarion","PA",20478,9404,13237,"NA"
"371","East Stroudsburg University of Pennsylvania","East Stroudsburg","PA",20282,8991,19115,"NA"
"372","Edinboro University of Pennsylvania","Edinboro","PA",19886,8849,12701,"NA"
"373","Indiana University of Pennsylvania-Main Campus","Indiana","PA",22936,9080,20216,"NA"
"374","Kutztown University of Pennsylvania","Kutztown","PA",23130,8819,18943,"NA"
"375","Lincoln University of Pennsylvania","Lincoln University","PA",22497,9804,15084,"NA"
"376","Lock Haven University","Lock Haven","PA",19145,8899,17023,"NA"
"377","Mansfield University of Pennsylvania","Mansfield","PA",21432,9192,19316,"NA"
"378","Millersville University of Pennsylvania","Millersville","PA",21756,8866,18990,"NA"
"379","Pennsylvania State University-Penn State Erie-Behrend College","Erie","PA",27759,14240,21302,"NA"
"380","Pennsylvania State University-Penn State Lehigh Valley","Center Valley","PA",19456,13602,20278,"NA"
"381","Pennsylvania State University-Penn State Berks","Reading","PA",25931,14240,21302,"NA"
"382","Pennsylvania State University-Penn State Harrisburg","Middletown","PA",26651,14240,21302,"NA"
"383","Pennsylvania State University-Main Campus","University Park","PA",31625,16992,29566,"NA"
"384","Pennsylvania State University-Penn State Abington","Abington","PA",19611,13608,20284,"NA"
"385","Pennsylvania State University-Penn State York","York","PA",19761,13602,20278,"NA"
"386","University of Pittsburgh-Pittsburgh Campus","Pittsburgh","PA",30410,17100,27106,"NA"
"387","Shippensburg University of Pennsylvania","Shippensburg","PA",20840,9448,17916,"NA"
"388","Slippery Rock University of Pennsylvania","Slippery Rock","PA",21303,9027,12529,"NA"
"389","Temple University","Philadelphia","PA",27247,14096,24122,"NA"
"390","West Chester University of Pennsylvania","West Chester","PA",24997,8850,18974,"NA"
"391","Pennsylvania State University-World Campus","University Park","PA",25441,13202,13202,"NA"
"392","Puerto Rico Conservatory of Music","San Juan","PR",12004,3370,3370,"NA"
"393","University of Puerto Rico-Mayaguez","Mayaguez","PR",14726,2019,4041,"NA"
"394","University of Puerto Rico-Rio Piedras","San Juan","PR",8020,2082,4104,"NA"
"395","Rhode Island College","Providence","RI",14858,7602,18300,"NA"
"396","University of Rhode Island","Kingston","RI",26262,12450,28016,"NA"
"397","College of Charleston","Charleston","SC",25086,10626,27090,"NA"
"398","Citadel Military College of South Carolina","Charleston","SC",24827,10838,29639,"NA"
"399","Clemson University","Clemson","SC",27944,13054,30488,"NA"
"400","Francis Marion University","Florence","SC",19965,9386,18364,"NA"
"401","Lander University","Greenwood","SC",21628,10100,19136,"NA"
"402","University of South Carolina-Aiken","Aiken","SC",18466,9308,18340,"NA"
"403","University of South Carolina-Columbia","Columbia","SC",23685,10816,28528,"NA"
"404","Coastal Carolina University","Conway","SC",21601,9760,22770,"NA"
"405","South Carolina State University","Orangeburg","SC",25265,9776,18910,"NA"
"406","University of South Carolina-Upstate","Spartanburg","SC",20848,10198,20226,"NA"
"407","Winthrop University","Rock Hill","SC",24595,13670,26240,"NA"
"408","Black Hills State University","Spearfish","SD",15906,7617,9617,"NA"
"409","Dakota State University","Madison","SD",17201,7506,9506,"NA"
"410","Northern State University","Aberdeen","SD",17334,7563,9562,"NA"
"411","South Dakota School of Mines and Technology","Rapid City","SD",20234,10040,12870,"NA"
"412","South Dakota State University","Brookings","SD",18547,7713,9795,"NA"
"413","University of South Dakota","Vermillion","SD",18843,8022,10104,"NA"
"414","Austin Peay State University","Clarksville","TN",18852,6876,21372,"NA"
"415","East Tennessee State University","Johnson City","TN",22485,7249,22561,"NA"
"416","University of Memphis","Memphis","TN",20899,8312,23024,"NA"
"417","Middle Tennessee State University","Murfreesboro","TN",17501,7546,23002,"NA"
"418","The University of Tennessee-Chattanooga","Chattanooga","TN",19192,7554,22760,"NA"
"419","The University of Tennessee-Knoxville","Knoxville","TN",24746,11194,29684,"NA"
"420","The University of Tennessee-Martin","Martin","TN",16227,7507,21451,"NA"
"421","Tennessee State University","Nashville","TN",16903,6498,19218,"NA"
"422","Tennessee Technological University","Cookeville","TN",19900,7063,22063,"NA"
"423","Angelo State University","San Angelo","TX",19511,6559,15055,"NA"
"424","Texas A & M University-Corpus Christi","Corpus Christi","TX",17782,7172,15668,"NA"
"425","Texas A & M University-Texarkana","Texarkana","TX",14147,5578,14002,"NA"
"426","Texas A & M University-Commerce","Commerce","TX",18487,6583,17203,"NA"
"427","University of Houston-Downtown","Houston","TX",18879,5238,13734,"NA"
"428","University of Houston-Victoria","Victoria","TX",17508,6248,16868,"NA"
"429","University of Houston","Houston","TX",22215,8401,16897,"NA"
"430","Lamar University","Beaumont","TX",21142,7429,15925,"NA"
"431","Texas A & M International University","Laredo","TX",15272,5818,14314,"NA"
"432","Midwestern State University","Wichita Falls","TX",15704,7665,9615,"NA"
"433","University of North Texas","Denton","TX",18593,8745,17241,"NA"
"434","The University of Texas-Pan American","Edinburg","TX",11601,5173,13669,"NA"
"435","The University of Texas at Brownsville","Brownsville","TX",13651,5372,14834,"NA"
"436","Prairie View A & M University","Prairie View","TX",16782,6764,15350,"NA"
"437","Sam Houston State University","Huntsville","TX",19173,7022,15518,"NA"
"438","Stephen F Austin State University","Nacogdoches","TX",21909,8412,19032,"NA"
"439","Texas State University","San Marcos","TX",19721,8060,17264,"NA"
"440","Sul Ross State University","Alpine","TX",17254,5436,13932,"NA"
"441","Tarleton State University","Stephenville","TX",17709,5856,14352,"NA"
"442","Texas A & M University-Kingsville","Kingsville","TX",19721,6940,17560,"NA"
"443","Texas A & M University-College Station","College Station","TX",20819,8506,25126,"NA"
"444","The University of Texas at Arlington","Arlington","TX",21420,8878,17374,"NA"
"445","The University of Texas at Austin","Austin","TX",25176,9798,33842,"NA"
"446","The University of Texas at Dallas","Richardson","TX",22381,10864,26038,"NA"
"447","The University of Texas at El Paso","El Paso","TX",15272,7255,19175,"NA"
"448","The University of Texas at Tyler","Tyler","TX",19366,7222,17842,"NA"
"449","The University of Texas of the Permian Basin","Odessa","TX",14292,5250,13674,"NA"
"450","The University of Texas at San Antonio","San Antonio","TX",18936,7457,16031,"NA"
"451","Texas Southern University","Houston","TX",22311,7946,18566,"NA"
"452","Texas Tech University","Lubbock","TX",20900,7517,16013,"NA"
"453","Texas Woman's University","Denton","TX",16345,7339,17965,"NA"
"454","West Texas A & M University","Canyon","TX",17553,6500,7220,"NA"
"455","Southern Utah University","Cedar City","UT",18042,5924,17902,"NA"
"456","Utah State University","Logan","UT",16020,6030,17550,"NA"
"457","Utah Valley University","Orem","UT",14213,5086,14256,"NA"
"458","University of Utah","Salt Lake City","UT",19048,7457,23736,"NA"
"459","Weber State University","Ogden","UT",13204,4990,13311,"NA"
"460","College of William and Mary","Williamsburg","VA",25938,15463,38440,"NA"
"461","Christopher Newport University","Newport News","VA",24696,11092,20992,"NA"
"462","George Mason University","Fairfax","VA",22332,9908,28592,"NA"
"463","James Madison University","Harrisonburg","VA",21980,9176,23654,"NA"
"464","Longwood University","Farmville","VA",23707,11340,24210,"NA"
"465","University of Mary Washington","Fredericksburg","VA",21862,9720,22590,"NA"
"466","Norfolk State University","Norfolk","VA",18837,7126,20596,"NA"
"467","Old Dominion University","Norfolk","VA",20531,8550,24210,"NA"
"468","Radford University","Radford","VA",19987,8976,21141,"NA"
"469","Virginia Polytechnic Institute and State University","Blacksburg","VA",25513,11455,27211,"NA"
"470","Virginia Commonwealth University","Richmond","VA",25291,12002,29473,"NA"
"471","University of Virginia-Main Campus","Charlottesville","VA",25255,12668,40054,"NA"
"472","Virginia State University","Petersburg","VA",20075,7784,17192,"NA"
"473","University of the Virgin Islands","Charlotte Amalie","VI",16261,4794,13174,"NA"
"474","Castleton State College","Castleton","VT",20799,10286,24014,"NA"
"475","Johnson State College","Johnson","VT",20404,10286,21950,"NA"
"476","Lyndon State College","Lyndonville","VT",19178,10286,20942,"NA"
"477","University of Vermont","Burlington","VT",27788,15718,36646,"NA"
"478","Central Washington University","Ellensburg","WA",21401,8976,20886,"NA"
"479","Eastern Washington University","Cheney","WA",19831,7961,19612,"NA"
"480","The Evergreen State College","Olympia","WA",21433,8574,20661,"NA"
"481","Washington State University","Pullman","WA",26292,12327,25409,"NA"
"482","University of Washington-Seattle Campus","Seattle","WA",24606,12397,31971,"NA"
"483","Western Washington University","Bellingham","WA",22009,8863,19752,"NA"
"484","University of Washington-Bothell Campus","Bothell","WA",22800,11911,31485,"NA"
"485","University of Washington-Tacoma Campus","Tacoma","WA",22185,11902,31476,"NA"
"486","University of Wisconsin-Whitewater","Whitewater","WI",16107,7578,15151,"NA"
"487","University of Wisconsin-Eau Claire","Eau Claire","WI",18066,8710,16283,"NA"
"488","University of Wisconsin-Green Bay","Green Bay","WI",16878,7676,15249,"NA"
"489","University of Wisconsin-La Crosse","La Crosse","WI",17896,8769,16342,"NA"
"490","University of Wisconsin-Oshkosh","Oshkosh","WI",16935,7401,14974,"NA"
"491","University of Wisconsin-Parkside","Kenosha","WI",15218,7316,14889,"NA"
"492","University of Wisconsin-Stout","Menomonie","WI",18192,8968,16714,"NA"
"493","University of Wisconsin-Superior","Superior","WI",16953,7946,15519,"NA"
"494","University of Wisconsin-Madison","Madison","WI",23718,10403,26653,"NA"
"495","University of Wisconsin-Milwaukee","Milwaukee","WI",21203,9300,19029,"NA"
"496","University of Wisconsin-Platteville","Platteville","WI",16824,7484,15057,"NA"
"497","University of Wisconsin-River Falls","River Falls","WI",16682,7720,15293,"NA"
"498","University of Wisconsin-Stevens Point","Stevens Point","WI",16427,7577,15150,"NA"
"499","Concord University","Athens","WV",17146,6160,13490,"NA"
"500","Fairmont State University","Fairmont","WV",14710,5824,12288,"NA"
"501","Marshall University","Huntington","WV",16361,6216,14446,"NA"
"502","Shepherd University","Shepherdstown","WV",14846,6256,15840,"NA"
"503","West Virginia State University","Institute","WV",13756,5932,13864,"NA"
"504","West Liberty University","West Liberty","WV",18406,6226,13540,"NA"
"505","West Virginia University","Morgantown","WV",16898,6456,19632,"NA"
"506","University of Wyoming","Laramie","WY",17652,4404,14124,"NA"
